id,title,program_id,scope,candidate_state,depends_on,candidate_paths,document
SFQ-B001,Reconcile this package without a second queue,SFQ-P01,CORE_FINISH_OR_EXISTING_OUTCOME_REVALIDATION,NOT_ADMITTED,,build_map.md; design/program/roadmap/program-queue.json; design/program/INFERENCE_IDEAS.md; design/PLAN_REGISTRY.md; src/core/registry.js,builds/SFQ-B001.md
SFQ-B002,Establish one ordinary-play reference,SFQ-P01,CORE_FINISH_OR_EXISTING_OUTCOME_REVALIDATION,NOT_ADMITTED,SFQ-B001,build_map.md; design/program/roadmap/program-queue.json; design/program/INFERENCE_IDEAS.md; design/PLAN_REGISTRY.md; src/core/registry.js,builds/SFQ-B002.md
SFQ-B003,Integrate the alien branch deliberately,SFQ-P01,CORE_FINISH_OR_EXISTING_OUTCOME_REVALIDATION,NOT_ADMITTED,SFQ-B001,build_map.md; design/program/roadmap/program-queue.json; design/program/INFERENCE_IDEAS.md; design/PLAN_REGISTRY.md; src/core/registry.js,builds/SFQ-B003.md
SFQ-B004,Retire false work from stale diagnoses,SFQ-P01,CORE_FINISH_OR_EXISTING_OUTCOME_REVALIDATION,NOT_ADMITTED,,build_map.md; design/program/roadmap/program-queue.json; design/program/INFERENCE_IDEAS.md; design/PLAN_REGISTRY.md; src/core/registry.js,builds/SFQ-B004.md
SFQ-B005,Prove player-route feature reachability,SFQ-P01,CORE_FINISH_OR_EXISTING_OUTCOME_REVALIDATION,NOT_ADMITTED,SFQ-B002,build_map.md; design/program/roadmap/program-queue.json; design/program/INFERENCE_IDEAS.md; design/PLAN_REGISTRY.md; src/core/registry.js,builds/SFQ-B005.md
SFQ-B006,Adopt useful remote work without regressions,SFQ-P01,CORE_FINISH_OR_EXISTING_OUTCOME_REVALIDATION,NOT_ADMITTED,,build_map.md; design/program/roadmap/program-queue.json; design/program/INFERENCE_IDEAS.md; design/PLAN_REGISTRY.md; src/core/registry.js,builds/SFQ-B006.md
SFQ-B007,Unify the weakness ledger,SFQ-P01,CORE_FINISH_OR_EXISTING_OUTCOME_REVALIDATION,NOT_ADMITTED,,build_map.md; design/program/roadmap/program-queue.json; design/program/INFERENCE_IDEAS.md; design/PLAN_REGISTRY.md; src/core/registry.js,builds/SFQ-B007.md
SFQ-B008,Use a golden ordinary-world scene,SFQ-P01,CORE_FINISH_OR_EXISTING_OUTCOME_REVALIDATION,NOT_ADMITTED,SFQ-B002,build_map.md; design/program/roadmap/program-queue.json; design/program/INFERENCE_IDEAS.md; design/PLAN_REGISTRY.md; src/core/registry.js,builds/SFQ-B008.md
SFQ-B009,Make done mean playable,SFQ-P01,CORE_FINISH_OR_EXISTING_OUTCOME_REVALIDATION,NOT_ADMITTED,,build_map.md; design/program/roadmap/program-queue.json; design/program/INFERENCE_IDEAS.md; design/PLAN_REGISTRY.md; src/core/registry.js,builds/SFQ-B009.md
SFQ-B010,Close the first import with useful output,SFQ-P01,CORE_FINISH_OR_EXISTING_OUTCOME_REVALIDATION,NOT_ADMITTED,SFQ-B002,build_map.md; design/program/roadmap/program-queue.json; design/program/INFERENCE_IDEAS.md; design/PLAN_REGISTRY.md; src/core/registry.js,builds/SFQ-B010.md
SFQ-B011,Calibrate the existing G combat stick,SFQ-P02,CORE_FINISH_OR_EXISTING_OUTCOME_REVALIDATION,NOT_ADMITTED,SFQ-B001,src/systems/dynamicFlightStick.js; src/systems/input.js; src/systems/flightV3.js; src/core/flight/propulsionKernel.js; src/systems/cruise.js; src/render/camera.js,builds/SFQ-B011.md
SFQ-B012,Resolve input hand conflicts,SFQ-P02,CORE_FINISH_OR_EXISTING_OUTCOME_REVALIDATION,NOT_ADMITTED,SFQ-B001,src/systems/dynamicFlightStick.js; src/systems/input.js; src/systems/flightV3.js; src/core/flight/propulsionKernel.js; src/systems/cruise.js; src/render/camera.js,builds/SFQ-B012.md
SFQ-B013,Protect earned speed across all launch causes,SFQ-P02,CORE_FINISH_OR_EXISTING_OUTCOME_REVALIDATION,NOT_ADMITTED,SFQ-B001,src/systems/dynamicFlightStick.js; src/systems/input.js; src/systems/flightV3.js; src/core/flight/propulsionKernel.js; src/systems/cruise.js; src/render/camera.js,builds/SFQ-B013.md
SFQ-B014,Make control-mode transitions continuous,SFQ-P02,CORE_FINISH_OR_EXISTING_OUTCOME_REVALIDATION,NOT_ADMITTED,SFQ-B001,src/systems/dynamicFlightStick.js; src/systems/input.js; src/systems/flightV3.js; src/core/flight/propulsionKernel.js; src/systems/cruise.js; src/render/camera.js,builds/SFQ-B014.md
SFQ-B015,Tune loaded-hull handling visibly,SFQ-P02,CORE_FINISH_OR_EXISTING_OUTCOME_REVALIDATION,NOT_ADMITTED,SFQ-B001,src/systems/dynamicFlightStick.js; src/systems/input.js; src/systems/flightV3.js; src/core/flight/propulsionKernel.js; src/systems/cruise.js; src/render/camera.js,builds/SFQ-B015.md
SFQ-B016,Separate chase framing from steering,SFQ-P02,CORE_FINISH_OR_EXISTING_OUTCOME_REVALIDATION,NOT_ADMITTED,SFQ-B001,src/systems/dynamicFlightStick.js; src/systems/input.js; src/systems/flightV3.js; src/core/flight/propulsionKernel.js; src/systems/cruise.js; src/render/camera.js,builds/SFQ-B016.md
SFQ-B017,Make emergency braking a choice,SFQ-P02,CORE_FINISH_OR_EXISTING_OUTCOME_REVALIDATION,NOT_ADMITTED,SFQ-B001,src/systems/dynamicFlightStick.js; src/systems/input.js; src/systems/flightV3.js; src/core/flight/propulsionKernel.js; src/systems/cruise.js; src/render/camera.js,builds/SFQ-B017.md
SFQ-B018,Keep input responsive during time effects,SFQ-P02,CORE_FINISH_OR_EXISTING_OUTCOME_REVALIDATION,NOT_ADMITTED,SFQ-B001,src/systems/dynamicFlightStick.js; src/systems/input.js; src/systems/flightV3.js; src/core/flight/propulsionKernel.js; src/systems/cruise.js; src/render/camera.js,builds/SFQ-B018.md
SFQ-B019,Recover gracefully from contact,SFQ-P02,CORE_FINISH_OR_EXISTING_OUTCOME_REVALIDATION,NOT_ADMITTED,SFQ-B001,src/systems/dynamicFlightStick.js; src/systems/input.js; src/systems/flightV3.js; src/core/flight/propulsionKernel.js; src/systems/cruise.js; src/render/camera.js,builds/SFQ-B019.md
SFQ-B020,Teach handling through an actual job,SFQ-P02,CORE_FINISH_OR_EXISTING_OUTCOME_REVALIDATION,NOT_ADMITTED,SFQ-B001,src/systems/dynamicFlightStick.js; src/systems/input.js; src/systems/flightV3.js; src/core/flight/propulsionKernel.js; src/systems/cruise.js; src/render/camera.js,builds/SFQ-B020.md
SFQ-B021,Make latch eligibility honest,SFQ-P03,CORE_FINISH_OR_EXISTING_OUTCOME_REVALIDATION,NOT_ADMITTED,SFQ-B011,src/core/constraints/masslineController.js; src/combat/attachments.js; src/systems/tetherGameplay.js; src/core/physicsAuthority.js; src/systems/masslineImpacts.js; src/systems/terrainAnchors.js,builds/SFQ-B021.md
SFQ-B022,Prove light medium heavy coupling,SFQ-P03,CORE_FINISH_OR_EXISTING_OUTCOME_REVALIDATION,NOT_ADMITTED,SFQ-B011; SFQ-B021,src/core/constraints/masslineController.js; src/combat/attachments.js; src/systems/tetherGameplay.js; src/core/physicsAuthority.js; src/systems/masslineImpacts.js; src/systems/terrainAnchors.js,builds/SFQ-B022.md
SFQ-B023,Make release and break unambiguous,SFQ-P03,CORE_FINISH_OR_EXISTING_OUTCOME_REVALIDATION,NOT_ADMITTED,SFQ-B011; SFQ-B021,src/core/constraints/masslineController.js; src/combat/attachments.js; src/systems/tetherGameplay.js; src/core/physicsAuthority.js; src/systems/masslineImpacts.js; src/systems/terrainAnchors.js,builds/SFQ-B023.md
SFQ-B024,Build a deliberate snap-catch challenge,SFQ-P03,CORE_FINISH_OR_EXISTING_OUTCOME_REVALIDATION,NOT_ADMITTED,SFQ-B011; SFQ-B021,src/core/constraints/masslineController.js; src/combat/attachments.js; src/systems/tetherGameplay.js; src/core/physicsAuthority.js; src/systems/masslineImpacts.js; src/systems/terrainAnchors.js,builds/SFQ-B024.md
SFQ-B025,Turn fresh wrecks into ammunition,SFQ-P03,CORE_FINISH_OR_EXISTING_OUTCOME_REVALIDATION,NOT_ADMITTED,SFQ-B011; SFQ-B021,src/core/constraints/masslineController.js; src/combat/attachments.js; src/systems/tetherGameplay.js; src/core/physicsAuthority.js; src/systems/masslineImpacts.js; src/systems/terrainAnchors.js,builds/SFQ-B025.md
SFQ-B026,Make tension actionable,SFQ-P03,CORE_FINISH_OR_EXISTING_OUTCOME_REVALIDATION,NOT_ADMITTED,SFQ-B011; SFQ-B021,src/core/constraints/masslineController.js; src/combat/attachments.js; src/systems/tetherGameplay.js; src/core/physicsAuthority.js; src/systems/masslineImpacts.js; src/systems/terrainAnchors.js,builds/SFQ-B026.md
SFQ-B027,Author terrain for swing decisions,SFQ-P03,CORE_FINISH_OR_EXISTING_OUTCOME_REVALIDATION,NOT_ADMITTED,SFQ-B011; SFQ-B022,src/core/constraints/masslineController.js; src/combat/attachments.js; src/systems/tetherGameplay.js; src/core/physicsAuthority.js; src/systems/masslineImpacts.js; src/systems/terrainAnchors.js,builds/SFQ-B027.md
SFQ-B028,Preserve roped cargo as matter,SFQ-P03,CORE_FINISH_OR_EXISTING_OUTCOME_REVALIDATION,NOT_ADMITTED,SFQ-B011,src/core/constraints/masslineController.js; src/combat/attachments.js; src/systems/tetherGameplay.js; src/core/physicsAuthority.js; src/systems/masslineImpacts.js; src/systems/terrainAnchors.js,builds/SFQ-B028.md
SFQ-B029,Give enemies counter-tether intentions,SFQ-P03,CORE_FINISH_OR_EXISTING_OUTCOME_REVALIDATION,NOT_ADMITTED,SFQ-B011,src/core/constraints/masslineController.js; src/combat/attachments.js; src/systems/tetherGameplay.js; src/core/physicsAuthority.js; src/systems/masslineImpacts.js; src/systems/terrainAnchors.js,builds/SFQ-B029.md
SFQ-B030,Compose a three-verb physical scene,SFQ-P03,CORE_FINISH_OR_EXISTING_OUTCOME_REVALIDATION,NOT_ADMITTED,SFQ-B011; SFQ-B023; SFQ-B026,src/core/constraints/masslineController.js; src/combat/attachments.js; src/systems/tetherGameplay.js; src/core/physicsAuthority.js; src/systems/masslineImpacts.js; src/systems/terrainAnchors.js,builds/SFQ-B030.md
SFQ-B031,Differentiate the existing starter loadout,SFQ-P04,CORE_FINISH_OR_EXISTING_OUTCOME_REVALIDATION,NOT_ADMITTED,SFQ-B021,src/data/weapons.js; src/data/bombs.js; src/data/combatDefs.js; src/systems/weapons.js; src/systems/bombs.js; src/systems/fields.js; src/combat/impulseKernel.js,builds/SFQ-B031.md
SFQ-B032,Complete ordnance interaction coverage,SFQ-P04,CORE_FINISH_OR_EXISTING_OUTCOME_REVALIDATION,NOT_ADMITTED,SFQ-B021; SFQ-B003; SFQ-B121,src/data/weapons.js; src/data/bombs.js; src/data/combatDefs.js; src/systems/weapons.js; src/systems/bombs.js; src/systems/fields.js; src/combat/impulseKernel.js,builds/SFQ-B032.md
SFQ-B033,Make status combinations explain themselves,SFQ-P04,CORE_FINISH_OR_EXISTING_OUTCOME_REVALIDATION,NOT_ADMITTED,SFQ-B021; SFQ-B031,src/data/weapons.js; src/data/bombs.js; src/data/combatDefs.js; src/systems/weapons.js; src/systems/bombs.js; src/systems/fields.js; src/combat/impulseKernel.js,builds/SFQ-B033.md
SFQ-B034,Keep moving traps moving honestly,SFQ-P04,CORE_FINISH_OR_EXISTING_OUTCOME_REVALIDATION,NOT_ADMITTED,SFQ-B021,src/data/weapons.js; src/data/bombs.js; src/data/combatDefs.js; src/systems/weapons.js; src/systems/bombs.js; src/systems/fields.js; src/combat/impulseKernel.js,builds/SFQ-B034.md
SFQ-B035,Make directional impulse aim matter,SFQ-P04,CORE_FINISH_OR_EXISTING_OUTCOME_REVALIDATION,NOT_ADMITTED,SFQ-B021; SFQ-B031,src/data/weapons.js; src/data/bombs.js; src/data/combatDefs.js; src/systems/weapons.js; src/systems/bombs.js; src/systems/fields.js; src/combat/impulseKernel.js,builds/SFQ-B035.md
SFQ-B036,Bound control denial without removing power,SFQ-P04,CORE_FINISH_OR_EXISTING_OUTCOME_REVALIDATION,NOT_ADMITTED,SFQ-B021; SFQ-B033,src/data/weapons.js; src/data/bombs.js; src/data/combatDefs.js; src/systems/weapons.js; src/systems/bombs.js; src/systems/fields.js; src/combat/impulseKernel.js,builds/SFQ-B036.md
SFQ-B037,Give environmental destruction distinct physics,SFQ-P04,CORE_FINISH_OR_EXISTING_OUTCOME_REVALIDATION,NOT_ADMITTED,SFQ-B021,src/data/weapons.js; src/data/bombs.js; src/data/combatDefs.js; src/systems/weapons.js; src/systems/bombs.js; src/systems/fields.js; src/combat/impulseKernel.js,builds/SFQ-B037.md
SFQ-B038,Turn defense into positional play,SFQ-P04,CORE_FINISH_OR_EXISTING_OUTCOME_REVALIDATION,NOT_ADMITTED,SFQ-B021,src/data/weapons.js; src/data/bombs.js; src/data/combatDefs.js; src/systems/weapons.js; src/systems/bombs.js; src/systems/fields.js; src/combat/impulseKernel.js,builds/SFQ-B038.md
SFQ-B039,Prove two unusual builds without a dominant answer,SFQ-P04,CORE_FINISH_OR_EXISTING_OUTCOME_REVALIDATION,NOT_ADMITTED,SFQ-B021,src/data/weapons.js; src/data/bombs.js; src/data/combatDefs.js; src/systems/weapons.js; src/systems/bombs.js; src/systems/fields.js; src/combat/impulseKernel.js,builds/SFQ-B039.md
SFQ-B040,Ship a shared combat composition matrix,SFQ-P04,CORE_FINISH_OR_EXISTING_OUTCOME_REVALIDATION,NOT_ADMITTED,SFQ-B021; SFQ-B033; SFQ-B034; SFQ-B036,src/data/weapons.js; src/data/bombs.js; src/data/combatDefs.js; src/systems/weapons.js; src/systems/bombs.js; src/systems/fields.js; src/combat/impulseKernel.js,builds/SFQ-B040.md
SFQ-B041,Give each encounter an ingress and exit,SFQ-P05,CORE_FINISH_OR_EXISTING_OUTCOME_REVALIDATION,NOT_ADMITTED,SFQ-B011,src/systems/tacticalAI.js; src/ai/stack.js; src/ai/perception.js; src/ai/squad.js; src/ai/maneuver.js; src/ai/engagementAuthority.js; src/systems/aiPorts.js; src/systems/encounterDirector.js,builds/SFQ-B041.md
SFQ-B042,Stabilize tactical commitment,SFQ-P05,CORE_FINISH_OR_EXISTING_OUTCOME_REVALIDATION,NOT_ADMITTED,SFQ-B011,src/systems/tacticalAI.js; src/ai/stack.js; src/ai/perception.js; src/ai/squad.js; src/ai/maneuver.js; src/ai/engagementAuthority.js; src/systems/aiPorts.js; src/systems/encounterDirector.js,builds/SFQ-B042.md
SFQ-B043,Make formations physically breakable,SFQ-P05,CORE_FINISH_OR_EXISTING_OUTCOME_REVALIDATION,NOT_ADMITTED,SFQ-B011,src/systems/tacticalAI.js; src/ai/stack.js; src/ai/perception.js; src/ai/squad.js; src/ai/maneuver.js; src/ai/engagementAuthority.js; src/systems/aiPorts.js; src/systems/encounterDirector.js,builds/SFQ-B043.md
SFQ-B044,Author specialist intention tells,SFQ-P05,CORE_FINISH_OR_EXISTING_OUTCOME_REVALIDATION,NOT_ADMITTED,SFQ-B011,src/systems/tacticalAI.js; src/ai/stack.js; src/ai/perception.js; src/ai/squad.js; src/ai/maneuver.js; src/ai/engagementAuthority.js; src/systems/aiPorts.js; src/systems/encounterDirector.js,builds/SFQ-B044.md
SFQ-B045,Make thrown bodies a perceived threat,SFQ-P05,CORE_FINISH_OR_EXISTING_OUTCOME_REVALIDATION,NOT_ADMITTED,SFQ-B011,src/systems/tacticalAI.js; src/ai/stack.js; src/ai/perception.js; src/ai/squad.js; src/ai/maneuver.js; src/ai/engagementAuthority.js; src/systems/aiPorts.js; src/systems/encounterDirector.js,builds/SFQ-B045.md
SFQ-B046,Give morale an observable consequence,SFQ-P05,CORE_FINISH_OR_EXISTING_OUTCOME_REVALIDATION,NOT_ADMITTED,SFQ-B011,src/systems/tacticalAI.js; src/ai/stack.js; src/ai/perception.js; src/ai/squad.js; src/ai/maneuver.js; src/ai/engagementAuthority.js; src/systems/aiPorts.js; src/systems/encounterDirector.js,builds/SFQ-B046.md
SFQ-B047,Make civilians protect what matters,SFQ-P05,CORE_FINISH_OR_EXISTING_OUTCOME_REVALIDATION,NOT_ADMITTED,SFQ-B011,src/systems/tacticalAI.js; src/ai/stack.js; src/ai/perception.js; src/ai/squad.js; src/ai/maneuver.js; src/ai/engagementAuthority.js; src/systems/aiPorts.js; src/systems/encounterDirector.js,builds/SFQ-B047.md
SFQ-B048,Escalate problems rather than health bars,SFQ-P05,CORE_FINISH_OR_EXISTING_OUTCOME_REVALIDATION,NOT_ADMITTED,SFQ-B011,src/systems/tacticalAI.js; src/ai/stack.js; src/ai/perception.js; src/ai/squad.js; src/ai/maneuver.js; src/ai/engagementAuthority.js; src/systems/aiPorts.js; src/systems/encounterDirector.js,builds/SFQ-B048.md
SFQ-B049,Separate combat and ecology intent,SFQ-P05,CORE_FINISH_OR_EXISTING_OUTCOME_REVALIDATION,NOT_ADMITTED,SFQ-B011,src/systems/tacticalAI.js; src/ai/stack.js; src/ai/perception.js; src/ai/squad.js; src/ai/maneuver.js; src/ai/engagementAuthority.js; src/systems/aiPorts.js; src/systems/encounterDirector.js,builds/SFQ-B049.md
SFQ-B050,Ship the roster as a readable collection,SFQ-P05,CORE_FINISH_OR_EXISTING_OUTCOME_REVALIDATION,NOT_ADMITTED,SFQ-B011,src/systems/tacticalAI.js; src/ai/stack.js; src/ai/perception.js; src/ai/squad.js; src/ai/maneuver.js; src/ai/engagementAuthority.js; src/systems/aiPorts.js; src/systems/encounterDirector.js,builds/SFQ-B050.md
SFQ-B051,Make the first minute demonstrate the game,SFQ-P06,CORE_FINISH_OR_EXISTING_OUTCOME_REVALIDATION,NOT_ADMITTED,SFQ-B031; SFQ-B041,src/systems/survivalWave.js; src/systems/survivalRewards.js; src/systems/survivalDraft.js; src/systems/survivalArena.js; src/systems/swarmArena.js; src/systems/stuntGrammar.js; src/ui/orrery/hudAdapter.js,builds/SFQ-B051.md
SFQ-B052,Compose an escalation arc,SFQ-P06,CORE_FINISH_OR_EXISTING_OUTCOME_REVALIDATION,NOT_ADMITTED,SFQ-B031; SFQ-B041,src/systems/survivalWave.js; src/systems/survivalRewards.js; src/systems/survivalDraft.js; src/systems/survivalArena.js; src/systems/swarmArena.js; src/systems/stuntGrammar.js; src/ui/orrery/hudAdapter.js,builds/SFQ-B052.md
SFQ-B053,Preserve meaningful arena aftermath,SFQ-P06,CORE_FINISH_OR_EXISTING_OUTCOME_REVALIDATION,NOT_ADMITTED,SFQ-B031; SFQ-B041; SFQ-B025,src/systems/survivalWave.js; src/systems/survivalRewards.js; src/systems/survivalDraft.js; src/systems/survivalArena.js; src/systems/swarmArena.js; src/systems/stuntGrammar.js; src/ui/orrery/hudAdapter.js,builds/SFQ-B053.md
SFQ-B054,Make draft choices change play,SFQ-P06,CORE_FINISH_OR_EXISTING_OUTCOME_REVALIDATION,NOT_ADMITTED,SFQ-B031; SFQ-B041; SFQ-B051,src/systems/survivalWave.js; src/systems/survivalRewards.js; src/systems/survivalDraft.js; src/systems/survivalArena.js; src/systems/swarmArena.js; src/systems/stuntGrammar.js; src/ui/orrery/hudAdapter.js,builds/SFQ-B054.md
SFQ-B055,Keep ordinary kills fairly paid,SFQ-P06,CORE_FINISH_OR_EXISTING_OUTCOME_REVALIDATION,NOT_ADMITTED,SFQ-B031; SFQ-B041,src/systems/survivalWave.js; src/systems/survivalRewards.js; src/systems/survivalDraft.js; src/systems/survivalArena.js; src/systems/swarmArena.js; src/systems/stuntGrammar.js; src/ui/orrery/hudAdapter.js,builds/SFQ-B055.md
SFQ-B056,Create arena laws with counterplay,SFQ-P06,CORE_FINISH_OR_EXISTING_OUTCOME_REVALIDATION,NOT_ADMITTED,SFQ-B031; SFQ-B041,src/systems/survivalWave.js; src/systems/survivalRewards.js; src/systems/survivalDraft.js; src/systems/survivalArena.js; src/systems/swarmArena.js; src/systems/stuntGrammar.js; src/ui/orrery/hudAdapter.js,builds/SFQ-B056.md
SFQ-B057,Make recovery an earned interval,SFQ-P06,CORE_FINISH_OR_EXISTING_OUTCOME_REVALIDATION,NOT_ADMITTED,SFQ-B031; SFQ-B041,src/systems/survivalWave.js; src/systems/survivalRewards.js; src/systems/survivalDraft.js; src/systems/survivalArena.js; src/systems/swarmArena.js; src/systems/stuntGrammar.js; src/ui/orrery/hudAdapter.js,builds/SFQ-B057.md
SFQ-B058,Show why the run ended,SFQ-P06,CORE_FINISH_OR_EXISTING_OUTCOME_REVALIDATION,NOT_ADMITTED,SFQ-B031; SFQ-B041,src/systems/survivalWave.js; src/systems/survivalRewards.js; src/systems/survivalDraft.js; src/systems/survivalArena.js; src/systems/swarmArena.js; src/systems/stuntGrammar.js; src/ui/orrery/hudAdapter.js,builds/SFQ-B058.md
SFQ-B059,Keep seed and build sharing truthful,SFQ-P06,CORE_FINISH_OR_EXISTING_OUTCOME_REVALIDATION,NOT_ADMITTED,SFQ-B031; SFQ-B041,src/systems/survivalWave.js; src/systems/survivalRewards.js; src/systems/survivalDraft.js; src/systems/survivalArena.js; src/systems/swarmArena.js; src/systems/stuntGrammar.js; src/ui/orrery/hudAdapter.js,builds/SFQ-B059.md
SFQ-B060,Converge the full run loop,SFQ-P06,CORE_FINISH_OR_EXISTING_OUTCOME_REVALIDATION,NOT_ADMITTED,SFQ-B031; SFQ-B041; SFQ-B051; SFQ-B052; SFQ-B054; SFQ-B058,src/systems/survivalWave.js; src/systems/survivalRewards.js; src/systems/survivalDraft.js; src/systems/survivalArena.js; src/systems/swarmArena.js; src/systems/stuntGrammar.js; src/ui/orrery/hudAdapter.js,builds/SFQ-B060.md
SFQ-B061,Audit and complete the actual story spine,SFQ-P07,CORE_FINISH_OR_EXISTING_OUTCOME_REVALIDATION,NOT_ADMITTED,SFQ-B011,src/systems/onboarding.js; src/systems/story.js; src/data/narrative.js; src/data/missions.js; src/systems/missions.js; src/systems/scenarioRuntime.js,builds/SFQ-B061.md
SFQ-B062,Put a real choice in the opening job,SFQ-P07,CORE_FINISH_OR_EXISTING_OUTCOME_REVALIDATION,NOT_ADMITTED,SFQ-B011,src/systems/onboarding.js; src/systems/story.js; src/data/narrative.js; src/data/missions.js; src/systems/missions.js; src/systems/scenarioRuntime.js,builds/SFQ-B062.md
SFQ-B063,Teach by need and recovery,SFQ-P07,CORE_FINISH_OR_EXISTING_OUTCOME_REVALIDATION,NOT_ADMITTED,SFQ-B011,src/systems/onboarding.js; src/systems/story.js; src/data/narrative.js; src/data/missions.js; src/systems/missions.js; src/systems/scenarioRuntime.js,builds/SFQ-B063.md
SFQ-B064,Make the first upgrade felt on departure,SFQ-P07,CORE_FINISH_OR_EXISTING_OUTCOME_REVALIDATION,NOT_ADMITTED,SFQ-B011,src/systems/onboarding.js; src/systems/story.js; src/data/narrative.js; src/data/missions.js; src/systems/missions.js; src/systems/scenarioRuntime.js,builds/SFQ-B064.md
SFQ-B065,Pace freedom and narrative pressure,SFQ-P07,CORE_FINISH_OR_EXISTING_OUTCOME_REVALIDATION,NOT_ADMITTED,SFQ-B011,src/systems/onboarding.js; src/systems/story.js; src/data/narrative.js; src/data/missions.js; src/systems/missions.js; src/systems/scenarioRuntime.js,builds/SFQ-B065.md
SFQ-B066,Make failure mutate the job,SFQ-P07,CORE_FINISH_OR_EXISTING_OUTCOME_REVALIDATION,NOT_ADMITTED,SFQ-B011,src/systems/onboarding.js; src/systems/story.js; src/data/narrative.js; src/data/missions.js; src/systems/missions.js; src/systems/scenarioRuntime.js,builds/SFQ-B066.md
SFQ-B067,Introduce alien evidence gradually,SFQ-P07,CORE_FINISH_OR_EXISTING_OUTCOME_REVALIDATION,NOT_ADMITTED,SFQ-B011,src/systems/onboarding.js; src/systems/story.js; src/data/narrative.js; src/data/missions.js; src/systems/missions.js; src/systems/scenarioRuntime.js,builds/SFQ-B067.md
SFQ-B068,Make characters interrupt for reasons,SFQ-P07,CORE_FINISH_OR_EXISTING_OUTCOME_REVALIDATION,NOT_ADMITTED,SFQ-B011,src/systems/onboarding.js; src/systems/story.js; src/data/narrative.js; src/data/missions.js; src/systems/missions.js; src/systems/scenarioRuntime.js,builds/SFQ-B068.md
SFQ-B069,Finish chapter transitions as gameplay,SFQ-P07,CORE_FINISH_OR_EXISTING_OUTCOME_REVALIDATION,NOT_ADMITTED,SFQ-B011,src/systems/onboarding.js; src/systems/story.js; src/data/narrative.js; src/data/missions.js; src/systems/missions.js; src/systems/scenarioRuntime.js,builds/SFQ-B069.md
SFQ-B070,Close the campaign without closing the world,SFQ-P07,CORE_FINISH_OR_EXISTING_OUTCOME_REVALIDATION,NOT_ADMITTED,SFQ-B011,src/systems/onboarding.js; src/systems/story.js; src/data/narrative.js; src/data/missions.js; src/systems/missions.js; src/systems/scenarioRuntime.js,builds/SFQ-B070.md
SFQ-B071,Make authored interactions use actual objects,SFQ-P08,CORE_FINISH_OR_EXISTING_OUTCOME_REVALIDATION,NOT_ADMITTED,SFQ-B061,src/data/missions.js; src/systems/missions.js; src/data/worldSiteManifests.js; src/systems/worldSiteKernel.js; src/systems/worldSiteRuntime.js; src/data/encounters/015-opening-hauler-raid.js,builds/SFQ-B071.md
SFQ-B072,Publish a mission clause grammar,SFQ-P08,CORE_FINISH_OR_EXISTING_OUTCOME_REVALIDATION,NOT_ADMITTED,SFQ-B061,src/data/missions.js; src/systems/missions.js; src/data/worldSiteManifests.js; src/systems/worldSiteKernel.js; src/systems/worldSiteRuntime.js; src/data/encounters/015-opening-hauler-raid.js,builds/SFQ-B072.md
SFQ-B073,Build the industrial rescue trilogy,SFQ-P08,CORE_FINISH_OR_EXISTING_OUTCOME_REVALIDATION,NOT_ADMITTED,SFQ-B061; SFQ-B071; SFQ-B072,src/data/missions.js; src/systems/missions.js; src/data/worldSiteManifests.js; src/systems/worldSiteKernel.js; src/systems/worldSiteRuntime.js; src/data/encounters/015-opening-hauler-raid.js,builds/SFQ-B073.md
SFQ-B074,Build the physical heist trilogy,SFQ-P08,CORE_FINISH_OR_EXISTING_OUTCOME_REVALIDATION,NOT_ADMITTED,SFQ-B061; SFQ-B071; SFQ-B072,src/data/missions.js; src/systems/missions.js; src/data/worldSiteManifests.js; src/systems/worldSiteKernel.js; src/systems/worldSiteRuntime.js; src/data/encounters/015-opening-hauler-raid.js,builds/SFQ-B074.md
SFQ-B075,Build the investigation trilogy,SFQ-P08,CORE_FINISH_OR_EXISTING_OUTCOME_REVALIDATION,NOT_ADMITTED,SFQ-B061; SFQ-B071; SFQ-B072,src/data/missions.js; src/systems/missions.js; src/data/worldSiteManifests.js; src/systems/worldSiteKernel.js; src/systems/worldSiteRuntime.js; src/data/encounters/015-opening-hauler-raid.js,builds/SFQ-B075.md
SFQ-B076,Build ecology jobs around existing fauna,SFQ-P08,CORE_FINISH_OR_EXISTING_OUTCOME_REVALIDATION,NOT_ADMITTED,SFQ-B061; SFQ-B121; SFQ-B129,src/data/missions.js; src/systems/missions.js; src/data/worldSiteManifests.js; src/systems/worldSiteKernel.js; src/systems/worldSiteRuntime.js; src/data/encounters/015-opening-hauler-raid.js,builds/SFQ-B076.md
SFQ-B077,Build machine jobs around work,SFQ-P08,CORE_FINISH_OR_EXISTING_OUTCOME_REVALIDATION,NOT_ADMITTED,SFQ-B061; SFQ-B141; SFQ-B146,src/data/missions.js; src/systems/missions.js; src/data/worldSiteManifests.js; src/systems/worldSiteKernel.js; src/systems/worldSiteRuntime.js; src/data/encounters/015-opening-hauler-raid.js,builds/SFQ-B077.md
SFQ-B078,Compose cross-system set pieces,SFQ-P08,CORE_FINISH_OR_EXISTING_OUTCOME_REVALIDATION,NOT_ADMITTED,SFQ-B061; SFQ-B131; SFQ-B143,src/data/missions.js; src/systems/missions.js; src/data/worldSiteManifests.js; src/systems/worldSiteKernel.js; src/systems/worldSiteRuntime.js; src/data/encounters/015-opening-hauler-raid.js,builds/SFQ-B078.md
SFQ-B079,Stress mission edge paths,SFQ-P08,CORE_FINISH_OR_EXISTING_OUTCOME_REVALIDATION,NOT_ADMITTED,SFQ-B061,src/data/missions.js; src/systems/missions.js; src/data/worldSiteManifests.js; src/systems/worldSiteKernel.js; src/systems/worldSiteRuntime.js; src/data/encounters/015-opening-hauler-raid.js,builds/SFQ-B079.md
SFQ-B080,Curate the finished mission set,SFQ-P08,CORE_FINISH_OR_EXISTING_OUTCOME_REVALIDATION,NOT_ADMITTED,SFQ-B061; SFQ-B079,src/data/missions.js; src/systems/missions.js; src/data/worldSiteManifests.js; src/systems/worldSiteKernel.js; src/systems/worldSiteRuntime.js; src/data/encounters/015-opening-hauler-raid.js,builds/SFQ-B080.md
SFQ-B081,Expose the cause of a price,SFQ-P09,CORE_FINISH_OR_EXISTING_OUTCOME_REVALIDATION,NOT_ADMITTED,SFQ-B001,src/systems/economy.js; src/systems/cargo.js; src/systems/missions.js; src/data/commodities.js; src/ui/market/tradeLogic.js; src/ui/screens/market.js,builds/SFQ-B081.md
SFQ-B082,Close one industrial supply chain,SFQ-P09,CORE_FINISH_OR_EXISTING_OUTCOME_REVALIDATION,NOT_ADMITTED,SFQ-B001,src/systems/economy.js; src/systems/cargo.js; src/systems/missions.js; src/data/commodities.js; src/ui/market/tradeLogic.js; src/ui/screens/market.js,builds/SFQ-B082.md
SFQ-B083,Make useful upgrades affordable without trivializing trade,SFQ-P09,CORE_FINISH_OR_EXISTING_OUTCOME_REVALIDATION,NOT_ADMITTED,SFQ-B001,src/systems/economy.js; src/systems/cargo.js; src/systems/missions.js; src/data/commodities.js; src/ui/market/tradeLogic.js; src/ui/screens/market.js,builds/SFQ-B083.md
SFQ-B084,Make cargo mass a tactical decision,SFQ-P09,CORE_FINISH_OR_EXISTING_OUTCOME_REVALIDATION,NOT_ADMITTED,SFQ-B001,src/systems/economy.js; src/systems/cargo.js; src/systems/missions.js; src/data/commodities.js; src/ui/market/tradeLogic.js; src/ui/screens/market.js,builds/SFQ-B084.md
SFQ-B085,Preserve custody through dirty salvage,SFQ-P09,CORE_FINISH_OR_EXISTING_OUTCOME_REVALIDATION,NOT_ADMITTED,SFQ-B001,src/systems/economy.js; src/systems/cargo.js; src/systems/missions.js; src/data/commodities.js; src/ui/market/tradeLogic.js; src/ui/screens/market.js,builds/SFQ-B085.md
SFQ-B086,Build a recovery economy,SFQ-P09,CORE_FINISH_OR_EXISTING_OUTCOME_REVALIDATION,NOT_ADMITTED,SFQ-B001,src/systems/economy.js; src/systems/cargo.js; src/systems/missions.js; src/data/commodities.js; src/ui/market/tradeLogic.js; src/ui/screens/market.js,builds/SFQ-B086.md
SFQ-B087,Make shortages produce jobs,SFQ-P09,CORE_FINISH_OR_EXISTING_OUTCOME_REVALIDATION,NOT_ADMITTED,SFQ-B001,src/systems/economy.js; src/systems/cargo.js; src/systems/missions.js; src/data/commodities.js; src/ui/market/tradeLogic.js; src/ui/screens/market.js,builds/SFQ-B087.md
SFQ-B088,Create a bounded xenotech market,SFQ-P09,CORE_FINISH_OR_EXISTING_OUTCOME_REVALIDATION,NOT_ADMITTED,SFQ-B001,src/systems/economy.js; src/systems/cargo.js; src/systems/missions.js; src/data/commodities.js; src/ui/market/tradeLogic.js; src/ui/screens/market.js,builds/SFQ-B088.md
SFQ-B089,Stress economy exploits,SFQ-P09,CORE_FINISH_OR_EXISTING_OUTCOME_REVALIDATION,NOT_ADMITTED,SFQ-B001,src/systems/economy.js; src/systems/cargo.js; src/systems/missions.js; src/data/commodities.js; src/ui/market/tradeLogic.js; src/ui/screens/market.js,builds/SFQ-B089.md
SFQ-B090,Make the long-game economy optional depth,SFQ-P09,CORE_FINISH_OR_EXISTING_OUTCOME_REVALIDATION,NOT_ADMITTED,SFQ-B001,src/systems/economy.js; src/systems/cargo.js; src/systems/missions.js; src/data/commodities.js; src/ui/market/tradeLogic.js; src/ui/screens/market.js,builds/SFQ-B090.md
SFQ-B091,Make each extraction phase readable,SFQ-P10,CORE_FINISH_OR_EXISTING_OUTCOME_REVALIDATION,NOT_ADMITTED,SFQ-B081,src/systems/mining.js; src/systems/drill.js; src/systems/asteroidSites.js; src/systems/automation.js; src/systems/salvage.js; src/systems/cargo.js,builds/SFQ-B091.md
SFQ-B092,Design interesting rock geometry,SFQ-P10,CORE_FINISH_OR_EXISTING_OUTCOME_REVALIDATION,NOT_ADMITTED,SFQ-B081,src/systems/mining.js; src/systems/drill.js; src/systems/asteroidSites.js; src/systems/automation.js; src/systems/salvage.js; src/systems/cargo.js,builds/SFQ-B092.md
SFQ-B093,Make freight handling enjoyable,SFQ-P10,CORE_FINISH_OR_EXISTING_OUTCOME_REVALIDATION,NOT_ADMITTED,SFQ-B081,src/systems/mining.js; src/systems/drill.js; src/systems/asteroidSites.js; src/systems/automation.js; src/systems/salvage.js; src/systems/cargo.js,builds/SFQ-B093.md
SFQ-B094,Turn salvage into structural decisions,SFQ-P10,CORE_FINISH_OR_EXISTING_OUTCOME_REVALIDATION,NOT_ADMITTED,SFQ-B081,src/systems/mining.js; src/systems/drill.js; src/systems/asteroidSites.js; src/systems/automation.js; src/systems/salvage.js; src/systems/cargo.js,builds/SFQ-B094.md
SFQ-B095,Make repair a visible operation,SFQ-P10,CORE_FINISH_OR_EXISTING_OUTCOME_REVALIDATION,NOT_ADMITTED,SFQ-B081; SFQ-B091,src/systems/mining.js; src/systems/drill.js; src/systems/asteroidSites.js; src/systems/automation.js; src/systems/salvage.js; src/systems/cargo.js,builds/SFQ-B095.md
SFQ-B096,Create a small construction kit,SFQ-P10,CORE_FINISH_OR_EXISTING_OUTCOME_REVALIDATION,NOT_ADMITTED,SFQ-B081,src/systems/mining.js; src/systems/drill.js; src/systems/asteroidSites.js; src/systems/automation.js; src/systems/salvage.js; src/systems/cargo.js,builds/SFQ-B096.md
SFQ-B097,Make industrial hazards manipulable,SFQ-P10,CORE_FINISH_OR_EXISTING_OUTCOME_REVALIDATION,NOT_ADMITTED,SFQ-B081,src/systems/mining.js; src/systems/drill.js; src/systems/asteroidSites.js; src/systems/automation.js; src/systems/salvage.js; src/systems/cargo.js,builds/SFQ-B097.md
SFQ-B098,Develop industrial NPC competence,SFQ-P10,CORE_FINISH_OR_EXISTING_OUTCOME_REVALIDATION,NOT_ADMITTED,SFQ-B081,src/systems/mining.js; src/systems/drill.js; src/systems/asteroidSites.js; src/systems/automation.js; src/systems/salvage.js; src/systems/cargo.js,builds/SFQ-B098.md
SFQ-B099,Make industrial upgrades change technique,SFQ-P10,CORE_FINISH_OR_EXISTING_OUTCOME_REVALIDATION,NOT_ADMITTED,SFQ-B081,src/systems/mining.js; src/systems/drill.js; src/systems/asteroidSites.js; src/systems/automation.js; src/systems/salvage.js; src/systems/cargo.js,builds/SFQ-B099.md
SFQ-B100,Finish one complete working district,SFQ-P10,CORE_FINISH_OR_EXISTING_OUTCOME_REVALIDATION,NOT_ADMITTED,SFQ-B081; SFQ-B091; SFQ-B093; SFQ-B095,src/systems/mining.js; src/systems/drill.js; src/systems/asteroidSites.js; src/systems/automation.js; src/systems/salvage.js; src/systems/cargo.js,builds/SFQ-B100.md
SFQ-B101,Give six existing regions distinct flying questions,SFQ-P11,CORE_FINISH_OR_EXISTING_OUTCOME_REVALIDATION,NOT_ADMITTED,SFQ-B011,src/data/sectors.js; src/data/sectorZones.js; src/data/sectorAnchors.js; src/systems/world.js; src/systems/travelLanes.js; src/systems/encounterDirector.js,builds/SFQ-B101.md
SFQ-B102,Make approaches compose the scene,SFQ-P11,CORE_FINISH_OR_EXISTING_OUTCOME_REVALIDATION,NOT_ADMITTED,SFQ-B011,src/data/sectors.js; src/data/sectorZones.js; src/data/sectorAnchors.js; src/systems/world.js; src/systems/travelLanes.js; src/systems/encounterDirector.js,builds/SFQ-B102.md
SFQ-B103,Make travel contain optional action,SFQ-P11,CORE_FINISH_OR_EXISTING_OUTCOME_REVALIDATION,NOT_ADMITTED,SFQ-B011,src/data/sectors.js; src/data/sectorZones.js; src/data/sectorAnchors.js; src/systems/world.js; src/systems/travelLanes.js; src/systems/encounterDirector.js,builds/SFQ-B103.md
SFQ-B104,Treat wreck fields as topology,SFQ-P11,CORE_FINISH_OR_EXISTING_OUTCOME_REVALIDATION,NOT_ADMITTED,SFQ-B011,src/data/sectors.js; src/data/sectorZones.js; src/data/sectorAnchors.js; src/systems/world.js; src/systems/travelLanes.js; src/systems/encounterDirector.js,builds/SFQ-B104.md
SFQ-B105,Make local maps describe playable space,SFQ-P11,CORE_FINISH_OR_EXISTING_OUTCOME_REVALIDATION,NOT_ADMITTED,SFQ-B011,src/data/sectors.js; src/data/sectorZones.js; src/data/sectorAnchors.js; src/systems/world.js; src/systems/travelLanes.js; src/systems/encounterDirector.js,builds/SFQ-B105.md
SFQ-B106,Preserve safe escape topology,SFQ-P11,CORE_FINISH_OR_EXISTING_OUTCOME_REVALIDATION,NOT_ADMITTED,SFQ-B011,src/data/sectors.js; src/data/sectorZones.js; src/data/sectorAnchors.js; src/systems/world.js; src/systems/travelLanes.js; src/systems/encounterDirector.js,builds/SFQ-B106.md
SFQ-B107,Stage ordinary life before catastrophe,SFQ-P11,CORE_FINISH_OR_EXISTING_OUTCOME_REVALIDATION,NOT_ADMITTED,SFQ-B011,src/data/sectors.js; src/data/sectorZones.js; src/data/sectorAnchors.js; src/systems/world.js; src/systems/travelLanes.js; src/systems/encounterDirector.js,builds/SFQ-B107.md
SFQ-B108,Make the sky support orientation,SFQ-P11,CORE_FINISH_OR_EXISTING_OUTCOME_REVALIDATION,NOT_ADMITTED,SFQ-B011,src/data/sectors.js; src/data/sectorZones.js; src/data/sectorAnchors.js; src/systems/world.js; src/systems/travelLanes.js; src/systems/encounterDirector.js,builds/SFQ-B108.md
SFQ-B109,Give optional discoveries useful returns,SFQ-P11,CORE_FINISH_OR_EXISTING_OUTCOME_REVALIDATION,NOT_ADMITTED,SFQ-B011,src/data/sectors.js; src/data/sectorZones.js; src/data/sectorAnchors.js; src/systems/world.js; src/systems/travelLanes.js; src/systems/encounterDirector.js,builds/SFQ-B109.md
SFQ-B110,Close the regional content set,SFQ-P11,CORE_FINISH_OR_EXISTING_OUTCOME_REVALIDATION,NOT_ADMITTED,SFQ-B011,src/data/sectors.js; src/data/sectorZones.js; src/data/sectorAnchors.js; src/systems/world.js; src/systems/travelLanes.js; src/systems/encounterDirector.js,builds/SFQ-B110.md
SFQ-B111,Attribute physical collateral honestly,SFQ-P12,CORE_FINISH_OR_EXISTING_OUTCOME_REVALIDATION,NOT_ADMITTED,SFQ-B071,src/systems/factions.js; src/systems/heat.js; src/systems/lawSecurity.js; src/systems/provenanceLedger.js; src/systems/nemesis.js; src/systems/barkDirector.js,builds/SFQ-B111.md
SFQ-B112,Make the first law response readable,SFQ-P12,CORE_FINISH_OR_EXISTING_OUTCOME_REVALIDATION,NOT_ADMITTED,SFQ-B071,src/systems/factions.js; src/systems/heat.js; src/systems/lawSecurity.js; src/systems/provenanceLedger.js; src/systems/nemesis.js; src/systems/barkDirector.js,builds/SFQ-B112.md
SFQ-B113,Give rescue durable recognition,SFQ-P12,CORE_FINISH_OR_EXISTING_OUTCOME_REVALIDATION,NOT_ADMITTED,SFQ-B071,src/systems/factions.js; src/systems/heat.js; src/systems/lawSecurity.js; src/systems/provenanceLedger.js; src/systems/nemesis.js; src/systems/barkDirector.js,builds/SFQ-B113.md
SFQ-B114,Let rivals remember tactics,SFQ-P12,CORE_FINISH_OR_EXISTING_OUTCOME_REVALIDATION,NOT_ADMITTED,SFQ-B071,src/systems/factions.js; src/systems/heat.js; src/systems/lawSecurity.js; src/systems/provenanceLedger.js; src/systems/nemesis.js; src/systems/barkDirector.js,builds/SFQ-B114.md
SFQ-B115,Make restitution playable,SFQ-P12,CORE_FINISH_OR_EXISTING_OUTCOME_REVALIDATION,NOT_ADMITTED,SFQ-B071,src/systems/factions.js; src/systems/heat.js; src/systems/lawSecurity.js; src/systems/provenanceLedger.js; src/systems/nemesis.js; src/systems/barkDirector.js,builds/SFQ-B115.md
SFQ-B116,Show factions in action,SFQ-P12,CORE_FINISH_OR_EXISTING_OUTCOME_REVALIDATION,NOT_ADMITTED,SFQ-B071,src/systems/factions.js; src/systems/heat.js; src/systems/lawSecurity.js; src/systems/provenanceLedger.js; src/systems/nemesis.js; src/systems/barkDirector.js,builds/SFQ-B116.md
SFQ-B117,Keep comms from drowning the fight,SFQ-P12,CORE_FINISH_OR_EXISTING_OUTCOME_REVALIDATION,NOT_ADMITTED,SFQ-B071,src/systems/factions.js; src/systems/heat.js; src/systems/lawSecurity.js; src/systems/provenanceLedger.js; src/systems/nemesis.js; src/systems/barkDirector.js,builds/SFQ-B117.md
SFQ-B118,Give the ship a legible history,SFQ-P12,CORE_FINISH_OR_EXISTING_OUTCOME_REVALIDATION,NOT_ADMITTED,SFQ-B071,src/systems/factions.js; src/systems/heat.js; src/systems/lawSecurity.js; src/systems/provenanceLedger.js; src/systems/nemesis.js; src/systems/barkDirector.js,builds/SFQ-B118.md
SFQ-B119,Create aftermath choices,SFQ-P12,CORE_FINISH_OR_EXISTING_OUTCOME_REVALIDATION,NOT_ADMITTED,SFQ-B071,src/systems/factions.js; src/systems/heat.js; src/systems/lawSecurity.js; src/systems/provenanceLedger.js; src/systems/nemesis.js; src/systems/barkDirector.js,builds/SFQ-B119.md
SFQ-B120,Review the consequence chain end to end,SFQ-P12,CORE_FINISH_OR_EXISTING_OUTCOME_REVALIDATION,NOT_ADMITTED,SFQ-B071,src/systems/factions.js; src/systems/heat.js; src/systems/lawSecurity.js; src/systems/provenanceLedger.js; src/systems/nemesis.js; src/systems/barkDirector.js,builds/SFQ-B120.md
SFQ-B121,Prove one fauna interaction matrix,SFQ-P13,SELECTED_ALIEN_EXTENSION_OR_EXISTING_OUTCOME,NOT_ADMITTED,SFQ-B003; SFQ-B021,src/data/alienFauna.js; src/data/alienEcology.js; src/systems/alienEcology.js; src/systems/impulseCharges.js; src/core/physicsAuthority.js; src/systems/world.js,builds/SFQ-B121.md
SFQ-B122,Make drives observable,SFQ-P13,SELECTED_ALIEN_EXTENSION_OR_EXISTING_OUTCOME,NOT_ADMITTED,SFQ-B003; SFQ-B021; SFQ-B121,src/data/alienFauna.js; src/data/alienEcology.js; src/systems/alienEcology.js; src/systems/impulseCharges.js; src/core/physicsAuthority.js; src/systems/world.js,builds/SFQ-B122.md
SFQ-B123,Make relay severance interesting,SFQ-P13,SELECTED_ALIEN_EXTENSION_OR_EXISTING_OUTCOME,NOT_ADMITTED,SFQ-B003; SFQ-B021; SFQ-B121,src/data/alienFauna.js; src/data/alienEcology.js; src/systems/alienEcology.js; src/systems/impulseCharges.js; src/core/physicsAuthority.js; src/systems/world.js,builds/SFQ-B123.md
SFQ-B124,Build a three-species food web,SFQ-P13,SELECTED_ALIEN_EXTENSION_OR_EXISTING_OUTCOME,NOT_ADMITTED,SFQ-B003; SFQ-B021; SFQ-B122,src/data/alienFauna.js; src/data/alienEcology.js; src/systems/alienEcology.js; src/systems/impulseCharges.js; src/core/physicsAuthority.js; src/systems/world.js,builds/SFQ-B124.md
SFQ-B125,Give capture a handling problem,SFQ-P13,SELECTED_ALIEN_EXTENSION_OR_EXISTING_OUTCOME,NOT_ADMITTED,SFQ-B003; SFQ-B021; SFQ-B121,src/data/alienFauna.js; src/data/alienEcology.js; src/systems/alienEcology.js; src/systems/impulseCharges.js; src/core/physicsAuthority.js; src/systems/world.js,builds/SFQ-B125.md
SFQ-B126,Create behavioral fossils,SFQ-P13,SELECTED_ALIEN_EXTENSION_OR_EXISTING_OUTCOME,NOT_ADMITTED,SFQ-B003; SFQ-B021; SFQ-B122,src/data/alienFauna.js; src/data/alienEcology.js; src/systems/alienEcology.js; src/systems/impulseCharges.js; src/core/physicsAuthority.js; src/systems/world.js,builds/SFQ-B126.md
SFQ-B127,Make corpses and molts useful,SFQ-P13,SELECTED_ALIEN_EXTENSION_OR_EXISTING_OUTCOME,NOT_ADMITTED,SFQ-B003; SFQ-B021,src/data/alienFauna.js; src/data/alienEcology.js; src/systems/alienEcology.js; src/systems/impulseCharges.js; src/core/physicsAuthority.js; src/systems/world.js,builds/SFQ-B127.md
SFQ-B128,Make parasites removable through play,SFQ-P13,SELECTED_ALIEN_EXTENSION_OR_EXISTING_OUTCOME,NOT_ADMITTED,SFQ-B003; SFQ-B021; SFQ-B121,src/data/alienFauna.js; src/data/alienEcology.js; src/systems/alienEcology.js; src/systems/impulseCharges.js; src/core/physicsAuthority.js; src/systems/world.js,builds/SFQ-B128.md
SFQ-B129,Develop the Cinder Nursery beyond its checklist,SFQ-P13,SELECTED_ALIEN_EXTENSION_OR_EXISTING_OUTCOME,NOT_ADMITTED,SFQ-B003; SFQ-B021; SFQ-B122; SFQ-B123,src/data/alienFauna.js; src/data/alienEcology.js; src/systems/alienEcology.js; src/systems/impulseCharges.js; src/core/physicsAuthority.js; src/systems/world.js,builds/SFQ-B129.md
SFQ-B130,Expand only distinct ecological roles,SFQ-P13,SELECTED_ALIEN_EXTENSION_OR_EXISTING_OUTCOME,NOT_ADMITTED,SFQ-B003; SFQ-B021,src/data/alienFauna.js; src/data/alienEcology.js; src/systems/alienEcology.js; src/systems/impulseCharges.js; src/core/physicsAuthority.js; src/systems/world.js,builds/SFQ-B130.md
SFQ-B131,Make one caustic sprayer a complete weapon,SFQ-P14,OPTIONAL_EXPANSION_REQUIRES_SELECTION,NOT_ADMITTED,SFQ-B121; SFQ-B031,src/data/bombs.js; src/data/combatDefs.js; src/systems/bombs.js; src/combat/attachments.js; src/core/physicsAuthority.js; src/render/vfx/statusMatterVfx.js,builds/SFQ-B131.md
SFQ-B132,Represent coating by sparse hull regions,SFQ-P14,OPTIONAL_EXPANSION_REQUIRES_SELECTION,NOT_ADMITTED,SFQ-B121; SFQ-B031; SFQ-B131,src/data/bombs.js; src/data/combatDefs.js; src/systems/bombs.js; src/combat/attachments.js; src/core/physicsAuthority.js; src/render/vfx/statusMatterVfx.js,builds/SFQ-B132.md
SFQ-B133,Add one elastic bridge interaction,SFQ-P14,OPTIONAL_EXPANSION_REQUIRES_SELECTION,NOT_ADMITTED,SFQ-B121; SFQ-B031; SFQ-B132; SFQ-B021,src/data/bombs.js; src/data/combatDefs.js; src/systems/bombs.js; src/combat/attachments.js; src/core/physicsAuthority.js; src/render/vfx/statusMatterVfx.js,builds/SFQ-B133.md
SFQ-B134,Make pressure-sac placement matter,SFQ-P14,OPTIONAL_EXPANSION_REQUIRES_SELECTION,NOT_ADMITTED,SFQ-B121; SFQ-B031; SFQ-B021; SFQ-B035,src/data/bombs.js; src/data/combatDefs.js; src/systems/bombs.js; src/combat/attachments.js; src/core/physicsAuthority.js; src/render/vfx/statusMatterVfx.js,builds/SFQ-B134.md
SFQ-B135,Give alien matter two counters,SFQ-P14,OPTIONAL_EXPANSION_REQUIRES_SELECTION,NOT_ADMITTED,SFQ-B121; SFQ-B031; SFQ-B132,src/data/bombs.js; src/data/combatDefs.js; src/systems/bombs.js; src/combat/attachments.js; src/core/physicsAuthority.js; src/render/vfx/statusMatterVfx.js,builds/SFQ-B135.md
SFQ-B136,Make shedding physically readable,SFQ-P14,OPTIONAL_EXPANSION_REQUIRES_SELECTION,NOT_ADMITTED,SFQ-B121; SFQ-B031; SFQ-B132,src/data/bombs.js; src/data/combatDefs.js; src/systems/bombs.js; src/combat/attachments.js; src/core/physicsAuthority.js; src/render/vfx/statusMatterVfx.js,builds/SFQ-B136.md
SFQ-B137,Create a sterile industrial derivative,SFQ-P14,OPTIONAL_EXPANSION_REQUIRES_SELECTION,NOT_ADMITTED,SFQ-B121; SFQ-B031; SFQ-B131; SFQ-B135,src/data/bombs.js; src/data/combatDefs.js; src/systems/bombs.js; src/combat/attachments.js; src/core/physicsAuthority.js; src/render/vfx/statusMatterVfx.js,builds/SFQ-B137.md
SFQ-B138,Introduce calcite as a material state,SFQ-P14,OPTIONAL_EXPANSION_REQUIRES_SELECTION,NOT_ADMITTED,SFQ-B121; SFQ-B031; SFQ-B132,src/data/bombs.js; src/data/combatDefs.js; src/systems/bombs.js; src/combat/attachments.js; src/core/physicsAuthority.js; src/render/vfx/statusMatterVfx.js,builds/SFQ-B138.md
SFQ-B139,Build one memorable alien combo scene,SFQ-P14,OPTIONAL_EXPANSION_REQUIRES_SELECTION,NOT_ADMITTED,SFQ-B121; SFQ-B031; SFQ-B133; SFQ-B135,src/data/bombs.js; src/data/combatDefs.js; src/systems/bombs.js; src/combat/attachments.js; src/core/physicsAuthority.js; src/render/vfx/statusMatterVfx.js,builds/SFQ-B139.md
SFQ-B140,Bound the xenotech content family,SFQ-P14,OPTIONAL_EXPANSION_REQUIRES_SELECTION,NOT_ADMITTED,SFQ-B121; SFQ-B031; SFQ-B139,src/data/bombs.js; src/data/combatDefs.js; src/systems/bombs.js; src/combat/attachments.js; src/core/physicsAuthority.js; src/render/vfx/statusMatterVfx.js,builds/SFQ-B140.md
SFQ-B141,Turn one Courier delivery into a physical transaction,SFQ-P15,SELECTED_ALIEN_EXTENSION_OR_EXISTING_OUTCOME,NOT_ADMITTED,SFQ-B003; SFQ-B021,src/data/precursorMachines.js; src/systems/precursorMachines.js; src/systems/worldSiteKernel.js; src/systems/world.js; src/systems/cargo.js; src/core/physicsAuthority.js,builds/SFQ-B141.md
SFQ-B142,Give a Custodian a real repair job,SFQ-P15,SELECTED_ALIEN_EXTENSION_OR_EXISTING_OUTCOME,NOT_ADMITTED,SFQ-B003; SFQ-B021; SFQ-B141,src/data/precursorMachines.js; src/systems/precursorMachines.js; src/systems/worldSiteKernel.js; src/systems/world.js; src/systems/cargo.js; src/core/physicsAuthority.js,builds/SFQ-B142.md
SFQ-B143,Let a Mason relocate one workpiece,SFQ-P15,SELECTED_ALIEN_EXTENSION_OR_EXISTING_OUTCOME,NOT_ADMITTED,SFQ-B003; SFQ-B021; SFQ-B141,src/data/precursorMachines.js; src/systems/precursorMachines.js; src/systems/worldSiteKernel.js; src/systems/world.js; src/systems/cargo.js; src/core/physicsAuthority.js,builds/SFQ-B143.md
SFQ-B144,Give Sorters finite custody,SFQ-P15,SELECTED_ALIEN_EXTENSION_OR_EXISTING_OUTCOME,NOT_ADMITTED,SFQ-B003; SFQ-B021; SFQ-B141,src/data/precursorMachines.js; src/systems/precursorMachines.js; src/systems/worldSiteKernel.js; src/systems/world.js; src/systems/cargo.js; src/core/physicsAuthority.js,builds/SFQ-B144.md
SFQ-B145,Compose a small machine work cycle,SFQ-P15,SELECTED_ALIEN_EXTENSION_OR_EXISTING_OUTCOME,NOT_ADMITTED,SFQ-B003; SFQ-B021; SFQ-B141; SFQ-B142,src/data/precursorMachines.js; src/systems/precursorMachines.js; src/systems/worldSiteKernel.js; src/systems/world.js; src/systems/cargo.js; src/core/physicsAuthority.js,builds/SFQ-B145.md
SFQ-B146,Make machine directives actionable,SFQ-P15,SELECTED_ALIEN_EXTENSION_OR_EXISTING_OUTCOME,NOT_ADMITTED,SFQ-B003; SFQ-B021; SFQ-B141,src/data/precursorMachines.js; src/systems/precursorMachines.js; src/systems/worldSiteKernel.js; src/systems/world.js; src/systems/cargo.js; src/core/physicsAuthority.js,builds/SFQ-B146.md
SFQ-B147,Make an appeal a physical test,SFQ-P15,SELECTED_ALIEN_EXTENSION_OR_EXISTING_OUTCOME,NOT_ADMITTED,SFQ-B003; SFQ-B021; SFQ-B146,src/data/precursorMachines.js; src/systems/precursorMachines.js; src/systems/worldSiteKernel.js; src/systems/world.js; src/systems/cargo.js; src/core/physicsAuthority.js,builds/SFQ-B147.md
SFQ-B148,Create one jurisdiction conflict,SFQ-P15,SELECTED_ALIEN_EXTENSION_OR_EXISTING_OUTCOME,NOT_ADMITTED,SFQ-B003; SFQ-B021; SFQ-B146,src/data/precursorMachines.js; src/systems/precursorMachines.js; src/systems/worldSiteKernel.js; src/systems/world.js; src/systems/cargo.js; src/core/physicsAuthority.js,builds/SFQ-B148.md
SFQ-B149,Make enforcement forewarned and reversible,SFQ-P15,SELECTED_ALIEN_EXTENSION_OR_EXISTING_OUTCOME,NOT_ADMITTED,SFQ-B003; SFQ-B021; SFQ-B146,src/data/precursorMachines.js; src/systems/precursorMachines.js; src/systems/worldSiteKernel.js; src/systems/world.js; src/systems/cargo.js; src/core/physicsAuthority.js,builds/SFQ-B149.md
SFQ-B150,Finish one living machine site,SFQ-P15,SELECTED_ALIEN_EXTENSION_OR_EXISTING_OUTCOME,NOT_ADMITTED,SFQ-B003; SFQ-B021; SFQ-B145; SFQ-B146,src/data/precursorMachines.js; src/systems/precursorMachines.js; src/systems/worldSiteKernel.js; src/systems/world.js; src/systems/cargo.js; src/core/physicsAuthority.js,builds/SFQ-B150.md
SFQ-B151,Build one velocity-plane prototype,SFQ-P16,OPTIONAL_EXPANSION_REQUIRES_SELECTION,NOT_ADMITTED,SFQ-B141; SFQ-B031,src/systems/fields.js; src/data/fields.js; src/core/physicsAuthority.js; src/systems/precursorMachines.js; src/systems/worldSiteKernel.js; src/render/vfx.js,builds/SFQ-B151.md
SFQ-B152,Make field selectivity explicit,SFQ-P16,OPTIONAL_EXPANSION_REQUIRES_SELECTION,NOT_ADMITTED,SFQ-B141; SFQ-B031; SFQ-B131; SFQ-B151,src/systems/fields.js; src/data/fields.js; src/core/physicsAuthority.js; src/systems/precursorMachines.js; src/systems/worldSiteKernel.js; src/render/vfx.js,builds/SFQ-B152.md
SFQ-B153,Build a curl field only after radial counterplay works,SFQ-P16,OPTIONAL_EXPANSION_REQUIRES_SELECTION,NOT_ADMITTED,SFQ-B141; SFQ-B031,src/systems/fields.js; src/data/fields.js; src/core/physicsAuthority.js; src/systems/precursorMachines.js; src/systems/worldSiteKernel.js; src/render/vfx.js,builds/SFQ-B153.md
SFQ-B154,Create a machine vector conveyor,SFQ-P16,OPTIONAL_EXPANSION_REQUIRES_SELECTION,NOT_ADMITTED,SFQ-B141; SFQ-B031; SFQ-B151,src/systems/fields.js; src/data/fields.js; src/core/physicsAuthority.js; src/systems/precursorMachines.js; src/systems/worldSiteKernel.js; src/render/vfx.js,builds/SFQ-B154.md
SFQ-B155,Make deactivation honest,SFQ-P16,OPTIONAL_EXPANSION_REQUIRES_SELECTION,NOT_ADMITTED,SFQ-B141; SFQ-B031; SFQ-B151,src/systems/fields.js; src/data/fields.js; src/core/physicsAuthority.js; src/systems/precursorMachines.js; src/systems/worldSiteKernel.js; src/render/vfx.js,builds/SFQ-B155.md
SFQ-B156,Teach geometry through safe work,SFQ-P16,OPTIONAL_EXPANSION_REQUIRES_SELECTION,NOT_ADMITTED,SFQ-B141; SFQ-B031; SFQ-B154,src/systems/fields.js; src/data/fields.js; src/core/physicsAuthority.js; src/systems/precursorMachines.js; src/systems/worldSiteKernel.js; src/render/vfx.js,builds/SFQ-B156.md
SFQ-B157,Stage mixed-material interactions,SFQ-P16,OPTIONAL_EXPANSION_REQUIRES_SELECTION,NOT_ADMITTED,SFQ-B141; SFQ-B031; SFQ-B152,src/systems/fields.js; src/data/fields.js; src/core/physicsAuthority.js; src/systems/precursorMachines.js; src/systems/worldSiteKernel.js; src/render/vfx.js,builds/SFQ-B157.md
SFQ-B158,Audit reference frames and force composition,SFQ-P16,OPTIONAL_EXPANSION_REQUIRES_SELECTION,NOT_ADMITTED,SFQ-B141; SFQ-B031; SFQ-B151,src/systems/fields.js; src/data/fields.js; src/core/physicsAuthority.js; src/systems/precursorMachines.js; src/systems/worldSiteKernel.js; src/render/vfx.js,builds/SFQ-B158.md
SFQ-B159,Reserve nonlocal tricks as optional research,SFQ-P16,OPTIONAL_RESEARCH_NOT_A_FINISH_DEPENDENCY,NOT_ADMITTED,SFQ-B141; SFQ-B031,src/systems/fields.js; src/data/fields.js; src/core/physicsAuthority.js; src/systems/precursorMachines.js; src/systems/worldSiteKernel.js; src/render/vfx.js,builds/SFQ-B159.md
SFQ-B160,Admit at most a distinct launch subset,SFQ-P16,OPTIONAL_EXPANSION_REQUIRES_SELECTION,NOT_ADMITTED,SFQ-B141; SFQ-B031; SFQ-B155; SFQ-B158,src/systems/fields.js; src/data/fields.js; src/core/physicsAuthority.js; src/systems/precursorMachines.js; src/systems/worldSiteKernel.js; src/render/vfx.js,builds/SFQ-B160.md
SFQ-B161,Build one falsifiable field experiment,SFQ-P17,SELECTED_ALIEN_EXTENSION_OR_EXISTING_OUTCOME,NOT_ADMITTED,SFQ-B121; SFQ-B101,src/data/alienEcology.js; src/data/alienEcologyState.js; src/systems/alienEcology.js; src/systems/sectorSim.js; src/systems/missions.js; src/systems/story.js,builds/SFQ-B161.md
SFQ-B162,Make behavioral archaeology playable,SFQ-P17,SELECTED_ALIEN_EXTENSION_OR_EXISTING_OUTCOME,NOT_ADMITTED,SFQ-B121; SFQ-B101; SFQ-B126,src/data/alienEcology.js; src/data/alienEcologyState.js; src/systems/alienEcology.js; src/systems/sectorSim.js; src/systems/missions.js; src/systems/story.js,builds/SFQ-B162.md
SFQ-B163,"Separate sterile, suppressed and unknown",SFQ-P17,SELECTED_ALIEN_EXTENSION_OR_EXISTING_OUTCOME,NOT_ADMITTED,SFQ-B121; SFQ-B101,src/data/alienEcology.js; src/data/alienEcologyState.js; src/systems/alienEcology.js; src/systems/sectorSim.js; src/systems/missions.js; src/systems/story.js,builds/SFQ-B163.md
SFQ-B164,Create one reversible site succession,SFQ-P17,SELECTED_ALIEN_EXTENSION_OR_EXISTING_OUTCOME,NOT_ADMITTED,SFQ-B121; SFQ-B101,src/data/alienEcology.js; src/data/alienEcologyState.js; src/systems/alienEcology.js; src/systems/sectorSim.js; src/systems/missions.js; src/systems/story.js,builds/SFQ-B164.md
SFQ-B165,Make one settlement respond to ecology,SFQ-P17,SELECTED_ALIEN_EXTENSION_OR_EXISTING_OUTCOME,NOT_ADMITTED,SFQ-B121; SFQ-B101; SFQ-B164,src/data/alienEcology.js; src/data/alienEcologyState.js; src/systems/alienEcology.js; src/systems/sectorSim.js; src/systems/missions.js; src/systems/story.js,builds/SFQ-B165.md
SFQ-B166,Show machine-biological interdependence,SFQ-P17,SELECTED_ALIEN_EXTENSION_OR_EXISTING_OUTCOME,NOT_ADMITTED,SFQ-B121; SFQ-B101; SFQ-B145,src/data/alienEcology.js; src/data/alienEcologyState.js; src/systems/alienEcology.js; src/systems/sectorSim.js; src/systems/missions.js; src/systems/story.js,builds/SFQ-B166.md
SFQ-B167,Make research unlock a usable derivative,SFQ-P17,SELECTED_ALIEN_EXTENSION_OR_EXISTING_OUTCOME,NOT_ADMITTED,SFQ-B121; SFQ-B101; SFQ-B161,src/data/alienEcology.js; src/data/alienEcologyState.js; src/systems/alienEcology.js; src/systems/sectorSim.js; src/systems/missions.js; src/systems/story.js,builds/SFQ-B167.md
SFQ-B168,Give knowledge a careful market,SFQ-P17,SELECTED_ALIEN_EXTENSION_OR_EXISTING_OUTCOME,NOT_ADMITTED,SFQ-B121; SFQ-B101,src/data/alienEcology.js; src/data/alienEcologyState.js; src/systems/alienEcology.js; src/systems/sectorSim.js; src/systems/missions.js; src/systems/story.js,builds/SFQ-B168.md
SFQ-B169,Build the domain approach through indirect effects,SFQ-P17,SELECTED_ALIEN_EXTENSION_OR_EXISTING_OUTCOME,NOT_ADMITTED,SFQ-B121; SFQ-B101,src/data/alienEcology.js; src/data/alienEcologyState.js; src/systems/alienEcology.js; src/systems/sectorSim.js; src/systems/missions.js; src/systems/story.js,builds/SFQ-B169.md
SFQ-B170,Constrain the long-lived world,SFQ-P17,SELECTED_ALIEN_EXTENSION_OR_EXISTING_OUTCOME,NOT_ADMITTED,SFQ-B121; SFQ-B101; SFQ-B164,src/data/alienEcology.js; src/data/alienEcologyState.js; src/systems/alienEcology.js; src/systems/sectorSim.js; src/systems/missions.js; src/systems/story.js,builds/SFQ-B170.md
SFQ-B171,Audit silhouettes in a real mixed scene,SFQ-P18,CORE_FINISH_OR_EXISTING_OUTCOME_REVALIDATION,NOT_ADMITTED,SFQ-B001,tools/blender/forge/FORGE.md; tools/blender/forge/fleet.json; src/render/partsLibrary.js; src/render/visualFactory.js; src/render/faunaVisuals.js; src/render/machineVisuals.js,builds/SFQ-B171.md
SFQ-B172,Complete missing functional model parts,SFQ-P18,CORE_FINISH_OR_EXISTING_OUTCOME_REVALIDATION,NOT_ADMITTED,SFQ-B001,tools/blender/forge/FORGE.md; tools/blender/forge/fleet.json; src/render/partsLibrary.js; src/render/visualFactory.js; src/render/faunaVisuals.js; src/render/machineVisuals.js,builds/SFQ-B172.md
SFQ-B173,Build the mission workpiece kit,SFQ-P18,CORE_FINISH_OR_EXISTING_OUTCOME_REVALIDATION,NOT_ADMITTED,SFQ-B001,tools/blender/forge/FORGE.md; tools/blender/forge/fleet.json; src/render/partsLibrary.js; src/render/visualFactory.js; src/render/faunaVisuals.js; src/render/machineVisuals.js,builds/SFQ-B173.md
SFQ-B174,Author a coherent infestation kit,SFQ-P18,CORE_FINISH_OR_EXISTING_OUTCOME_REVALIDATION,NOT_ADMITTED,SFQ-B001,tools/blender/forge/FORGE.md; tools/blender/forge/fleet.json; src/render/partsLibrary.js; src/render/visualFactory.js; src/render/faunaVisuals.js; src/render/machineVisuals.js,builds/SFQ-B174.md
SFQ-B175,Make fauna animation express the drive,SFQ-P18,CORE_FINISH_OR_EXISTING_OUTCOME_REVALIDATION,NOT_ADMITTED,SFQ-B001,tools/blender/forge/FORGE.md; tools/blender/forge/fleet.json; src/render/partsLibrary.js; src/render/visualFactory.js; src/render/faunaVisuals.js; src/render/machineVisuals.js,builds/SFQ-B175.md
SFQ-B176,Give ancient machines functional geometry,SFQ-P18,CORE_FINISH_OR_EXISTING_OUTCOME_REVALIDATION,NOT_ADMITTED,SFQ-B001,tools/blender/forge/FORGE.md; tools/blender/forge/fleet.json; src/render/partsLibrary.js; src/render/visualFactory.js; src/render/faunaVisuals.js; src/render/machineVisuals.js,builds/SFQ-B176.md
SFQ-B177,Build landmarks from navigable composition,SFQ-P18,CORE_FINISH_OR_EXISTING_OUTCOME_REVALIDATION,NOT_ADMITTED,SFQ-B001,tools/blender/forge/FORGE.md; tools/blender/forge/fleet.json; src/render/partsLibrary.js; src/render/visualFactory.js; src/render/faunaVisuals.js; src/render/machineVisuals.js,builds/SFQ-B177.md
SFQ-B178,Model state changes that matter,SFQ-P18,CORE_FINISH_OR_EXISTING_OUTCOME_REVALIDATION,NOT_ADMITTED,SFQ-B001,tools/blender/forge/FORGE.md; tools/blender/forge/fleet.json; src/render/partsLibrary.js; src/render/visualFactory.js; src/render/faunaVisuals.js; src/render/machineVisuals.js,builds/SFQ-B178.md
SFQ-B179,Publish assets with complete runtime contracts,SFQ-P18,CORE_FINISH_OR_EXISTING_OUTCOME_REVALIDATION,NOT_ADMITTED,SFQ-B001,tools/blender/forge/FORGE.md; tools/blender/forge/fleet.json; src/render/partsLibrary.js; src/render/visualFactory.js; src/render/faunaVisuals.js; src/render/machineVisuals.js,builds/SFQ-B179.md
SFQ-B180,Converge the art set by its weakest visible members,SFQ-P18,CORE_FINISH_OR_EXISTING_OUTCOME_REVALIDATION,NOT_ADMITTED,SFQ-B001,tools/blender/forge/FORGE.md; tools/blender/forge/fleet.json; src/render/partsLibrary.js; src/render/visualFactory.js; src/render/faunaVisuals.js; src/render/machineVisuals.js,builds/SFQ-B180.md
SFQ-B181,Make nozzle and history agree,SFQ-P19,CORE_FINISH_OR_EXISTING_OUTCOME_REVALIDATION,NOT_ADMITTED,SFQ-B001,docs/visual-assets/VFX_TECHNIQUE_STANDARD.md; src/render/vfx.js; src/render/actionVfx.js; src/render/vfxProfiles.js; src/render/bombPresentation.js; src/render/vfx/statusMatterVfx.js,builds/SFQ-B181.md
SFQ-B182,Make each weapon family visibly distinct,SFQ-P19,CORE_FINISH_OR_EXISTING_OUTCOME_REVALIDATION,NOT_ADMITTED,SFQ-B001,docs/visual-assets/VFX_TECHNIQUE_STANDARD.md; src/render/vfx.js; src/render/actionVfx.js; src/render/vfxProfiles.js; src/render/bombPresentation.js; src/render/vfx/statusMatterVfx.js,builds/SFQ-B182.md
SFQ-B183,Make impulses explain displacement,SFQ-P19,CORE_FINISH_OR_EXISTING_OUTCOME_REVALIDATION,NOT_ADMITTED,SFQ-B001,docs/visual-assets/VFX_TECHNIQUE_STANDARD.md; src/render/vfx.js; src/render/actionVfx.js; src/render/vfxProfiles.js; src/render/bombPresentation.js; src/render/vfx/statusMatterVfx.js,builds/SFQ-B183.md
SFQ-B184,Give fields volume without hiding the fight,SFQ-P19,CORE_FINISH_OR_EXISTING_OUTCOME_REVALIDATION,NOT_ADMITTED,SFQ-B001,docs/visual-assets/VFX_TECHNIQUE_STANDARD.md; src/render/vfx.js; src/render/actionVfx.js; src/render/vfxProfiles.js; src/render/bombPresentation.js; src/render/vfx/statusMatterVfx.js,builds/SFQ-B184.md
SFQ-B185,Make surface reactions follow matter,SFQ-P19,CORE_FINISH_OR_EXISTING_OUTCOME_REVALIDATION,NOT_ADMITTED,SFQ-B001,docs/visual-assets/VFX_TECHNIQUE_STANDARD.md; src/render/vfx.js; src/render/actionVfx.js; src/render/vfxProfiles.js; src/render/bombPresentation.js; src/render/vfx/statusMatterVfx.js,builds/SFQ-B185.md
SFQ-B186,Make destruction depend on material and cause,SFQ-P19,CORE_FINISH_OR_EXISTING_OUTCOME_REVALIDATION,NOT_ADMITTED,SFQ-B001,docs/visual-assets/VFX_TECHNIQUE_STANDARD.md; src/render/vfx.js; src/render/actionVfx.js; src/render/vfxProfiles.js; src/render/bombPresentation.js; src/render/vfx/statusMatterVfx.js,builds/SFQ-B186.md
SFQ-B187,Show biological and machine work,SFQ-P19,CORE_FINISH_OR_EXISTING_OUTCOME_REVALIDATION,NOT_ADMITTED,SFQ-B001,docs/visual-assets/VFX_TECHNIQUE_STANDARD.md; src/render/vfx.js; src/render/actionVfx.js; src/render/vfxProfiles.js; src/render/bombPresentation.js; src/render/vfx/statusMatterVfx.js,builds/SFQ-B187.md
SFQ-B188,Budget visual attention,SFQ-P19,CORE_FINISH_OR_EXISTING_OUTCOME_REVALIDATION,NOT_ADMITTED,SFQ-B001,docs/visual-assets/VFX_TECHNIQUE_STANDARD.md; src/render/vfx.js; src/render/actionVfx.js; src/render/vfxProfiles.js; src/render/bombPresentation.js; src/render/vfx/statusMatterVfx.js,builds/SFQ-B188.md
SFQ-B189,Harden every effect lifecycle,SFQ-P19,CORE_FINISH_OR_EXISTING_OUTCOME_REVALIDATION,NOT_ADMITTED,SFQ-B001,docs/visual-assets/VFX_TECHNIQUE_STANDARD.md; src/render/vfx.js; src/render/actionVfx.js; src/render/vfxProfiles.js; src/render/bombPresentation.js; src/render/vfx/statusMatterVfx.js,builds/SFQ-B189.md
SFQ-B190,Converge effects in real combinations,SFQ-P19,CORE_FINISH_OR_EXISTING_OUTCOME_REVALIDATION,NOT_ADMITTED,SFQ-B001,docs/visual-assets/VFX_TECHNIQUE_STANDARD.md; src/render/vfx.js; src/render/actionVfx.js; src/render/vfxProfiles.js; src/render/bombPresentation.js; src/render/vfx/statusMatterVfx.js,builds/SFQ-B190.md
SFQ-B191,Hear the actual weight of contact,SFQ-P20,CORE_FINISH_OR_EXISTING_OUTCOME_REVALIDATION,NOT_ADMITTED,SFQ-B001,src/audio/audioSystem.js; src/audio/bombAudio.js; src/data/audioRecipes.js; src/systems/barkDirector.js; src/render/feel.js,builds/SFQ-B191.md
SFQ-B192,Make the Massline speak load,SFQ-P20,CORE_FINISH_OR_EXISTING_OUTCOME_REVALIDATION,NOT_ADMITTED,SFQ-B001,src/audio/audioSystem.js; src/audio/bombAudio.js; src/data/audioRecipes.js; src/systems/barkDirector.js; src/render/feel.js,builds/SFQ-B192.md
SFQ-B193,Give each weapon a sonic verb,SFQ-P20,CORE_FINISH_OR_EXISTING_OUTCOME_REVALIDATION,NOT_ADMITTED,SFQ-B001,src/audio/audioSystem.js; src/audio/bombAudio.js; src/data/audioRecipes.js; src/systems/barkDirector.js; src/render/feel.js,builds/SFQ-B193.md
SFQ-B194,Make engine audio track intention and motion separately,SFQ-P20,CORE_FINISH_OR_EXISTING_OUTCOME_REVALIDATION,NOT_ADMITTED,SFQ-B001,src/audio/audioSystem.js; src/audio/bombAudio.js; src/data/audioRecipes.js; src/systems/barkDirector.js; src/render/feel.js,builds/SFQ-B194.md
SFQ-B195,Keep threat information audible under density,SFQ-P20,CORE_FINISH_OR_EXISTING_OUTCOME_REVALIDATION,NOT_ADMITTED,SFQ-B001,src/audio/audioSystem.js; src/audio/bombAudio.js; src/data/audioRecipes.js; src/systems/barkDirector.js; src/render/feel.js,builds/SFQ-B195.md
SFQ-B196,Give ordinary work a convincing soundscape,SFQ-P20,CORE_FINISH_OR_EXISTING_OUTCOME_REVALIDATION,NOT_ADMITTED,SFQ-B001,src/audio/audioSystem.js; src/audio/bombAudio.js; src/data/audioRecipes.js; src/systems/barkDirector.js; src/render/feel.js,builds/SFQ-B196.md
SFQ-B197,Contrast fungus with machinery,SFQ-P20,CORE_FINISH_OR_EXISTING_OUTCOME_REVALIDATION,NOT_ADMITTED,SFQ-B001,src/audio/audioSystem.js; src/audio/bombAudio.js; src/data/audioRecipes.js; src/systems/barkDirector.js; src/render/feel.js,builds/SFQ-B197.md
SFQ-B198,Make music support pace without stealing it,SFQ-P20,CORE_FINISH_OR_EXISTING_OUTCOME_REVALIDATION,NOT_ADMITTED,SFQ-B001,src/audio/audioSystem.js; src/audio/bombAudio.js; src/data/audioRecipes.js; src/systems/barkDirector.js; src/render/feel.js,builds/SFQ-B198.md
SFQ-B199,Finish audio settings and delivery,SFQ-P20,CORE_FINISH_OR_EXISTING_OUTCOME_REVALIDATION,NOT_ADMITTED,SFQ-B001,src/audio/audioSystem.js; src/audio/bombAudio.js; src/data/audioRecipes.js; src/systems/barkDirector.js; src/render/feel.js,builds/SFQ-B199.md
SFQ-B200,Mix by the weakest actual route,SFQ-P20,CORE_FINISH_OR_EXISTING_OUTCOME_REVALIDATION,NOT_ADMITTED,SFQ-B001,src/audio/audioSystem.js; src/audio/bombAudio.js; src/data/audioRecipes.js; src/systems/barkDirector.js; src/render/feel.js,builds/SFQ-B200.md
SFQ-B201,Finish the boot-to-play instrument,SFQ-P21,CORE_FINISH_OR_EXISTING_OUTCOME_REVALIDATION,NOT_ADMITTED,SFQ-B001,design/frontend/ORRERY.md; src/ui/orrery/; src/ui/screens/; src/ui/market/; src/ui/asteroid/; styles/,builds/SFQ-B201.md
SFQ-B202,Make flight HUD answer the next decision,SFQ-P21,CORE_FINISH_OR_EXISTING_OUTCOME_REVALIDATION,NOT_ADMITTED,SFQ-B001,design/frontend/ORRERY.md; src/ui/orrery/; src/ui/screens/; src/ui/market/; src/ui/asteroid/; styles/,builds/SFQ-B202.md
SFQ-B203,Make the map a planning instrument,SFQ-P21,CORE_FINISH_OR_EXISTING_OUTCOME_REVALIDATION,NOT_ADMITTED,SFQ-B001,design/frontend/ORRERY.md; src/ui/orrery/; src/ui/screens/; src/ui/market/; src/ui/asteroid/; styles/,builds/SFQ-B203.md
SFQ-B204,Make Shipworks explain physical tradeoffs,SFQ-P21,CORE_FINISH_OR_EXISTING_OUTCOME_REVALIDATION,NOT_ADMITTED,SFQ-B001,design/frontend/ORRERY.md; src/ui/orrery/; src/ui/screens/; src/ui/market/; src/ui/asteroid/; styles/,builds/SFQ-B204.md
SFQ-B205,Make the market usable under pressure,SFQ-P21,CORE_FINISH_OR_EXISTING_OUTCOME_REVALIDATION,NOT_ADMITTED,SFQ-B001,design/frontend/ORRERY.md; src/ui/orrery/; src/ui/screens/; src/ui/market/; src/ui/asteroid/; styles/,builds/SFQ-B205.md
SFQ-B206,Make station services feel like one place,SFQ-P21,CORE_FINISH_OR_EXISTING_OUTCOME_REVALIDATION,NOT_ADMITTED,SFQ-B001,design/frontend/ORRERY.md; src/ui/orrery/; src/ui/screens/; src/ui/market/; src/ui/asteroid/; styles/,builds/SFQ-B206.md
SFQ-B207,Make menus preserve player agency,SFQ-P21,CORE_FINISH_OR_EXISTING_OUTCOME_REVALIDATION,NOT_ADMITTED,SFQ-B001,design/frontend/ORRERY.md; src/ui/orrery/; src/ui/screens/; src/ui/market/; src/ui/asteroid/; styles/,builds/SFQ-B207.md
SFQ-B208,Make density and accessibility coexist,SFQ-P21,CORE_FINISH_OR_EXISTING_OUTCOME_REVALIDATION,NOT_ADMITTED,SFQ-B001,design/frontend/ORRERY.md; src/ui/orrery/; src/ui/screens/; src/ui/market/; src/ui/asteroid/; styles/,builds/SFQ-B208.md
SFQ-B209,Make interface motion feel responsive,SFQ-P21,CORE_FINISH_OR_EXISTING_OUTCOME_REVALIDATION,NOT_ADMITTED,SFQ-B001,design/frontend/ORRERY.md; src/ui/orrery/; src/ui/screens/; src/ui/market/; src/ui/asteroid/; styles/,builds/SFQ-B209.md
SFQ-B210,Converge every ordinary screen,SFQ-P21,CORE_FINISH_OR_EXISTING_OUTCOME_REVALIDATION,NOT_ADMITTED,SFQ-B001,design/frontend/ORRERY.md; src/ui/orrery/; src/ui/screens/; src/ui/market/; src/ui/asteroid/; styles/,builds/SFQ-B210.md
SFQ-B211,Attribute the worst visible hitch,SFQ-P22,CORE_FINISH_OR_EXISTING_OUTCOME_REVALIDATION,NOT_ADMITTED,SFQ-B001,src/core/registry.js; src/core/loop.js; src/core/perfRuntime.js; src/render/renderer.js; src/render/precompile.js; src/render/assetLoader.js,builds/SFQ-B211.md
SFQ-B212,Warm actual first-use assets,SFQ-P22,CORE_FINISH_OR_EXISTING_OUTCOME_REVALIDATION,NOT_ADMITTED,SFQ-B001,src/core/registry.js; src/core/loop.js; src/core/perfRuntime.js; src/render/renderer.js; src/render/precompile.js; src/render/assetLoader.js,builds/SFQ-B212.md
SFQ-B213,Bound dense simulation work,SFQ-P22,CORE_FINISH_OR_EXISTING_OUTCOME_REVALIDATION,NOT_ADMITTED,SFQ-B001,src/core/registry.js; src/core/loop.js; src/core/perfRuntime.js; src/render/renderer.js; src/render/precompile.js; src/render/assetLoader.js,builds/SFQ-B213.md
SFQ-B214,Control hot-path allocation,SFQ-P22,CORE_FINISH_OR_EXISTING_OUTCOME_REVALIDATION,NOT_ADMITTED,SFQ-B001,src/core/registry.js; src/core/loop.js; src/core/perfRuntime.js; src/render/renderer.js; src/render/precompile.js; src/render/assetLoader.js,builds/SFQ-B214.md
SFQ-B215,Reduce rendering submission cost honestly,SFQ-P22,CORE_FINISH_OR_EXISTING_OUTCOME_REVALIDATION,NOT_ADMITTED,SFQ-B001,src/core/registry.js; src/core/loop.js; src/core/perfRuntime.js; src/render/renderer.js; src/render/precompile.js; src/render/assetLoader.js,builds/SFQ-B215.md
SFQ-B216,Make state-driven UI quiet,SFQ-P22,CORE_FINISH_OR_EXISTING_OUTCOME_REVALIDATION,NOT_ADMITTED,SFQ-B001,src/core/registry.js; src/core/loop.js; src/core/perfRuntime.js; src/render/renderer.js; src/render/precompile.js; src/render/assetLoader.js,builds/SFQ-B216.md
SFQ-B217,Close asset lifetime leaks,SFQ-P22,CORE_FINISH_OR_EXISTING_OUTCOME_REVALIDATION,NOT_ADMITTED,SFQ-B001,src/core/registry.js; src/core/loop.js; src/core/perfRuntime.js; src/render/renderer.js; src/render/precompile.js; src/render/assetLoader.js,builds/SFQ-B217.md
SFQ-B218,Handle contention and context failure gracefully,SFQ-P22,CORE_FINISH_OR_EXISTING_OUTCOME_REVALIDATION,NOT_ADMITTED,SFQ-B001,src/core/registry.js; src/core/loop.js; src/core/perfRuntime.js; src/render/renderer.js; src/render/precompile.js; src/render/assetLoader.js,builds/SFQ-B218.md
SFQ-B219,Budget new content before multiplying it,SFQ-P22,CORE_FINISH_OR_EXISTING_OUTCOME_REVALIDATION,NOT_ADMITTED,SFQ-B001,src/core/registry.js; src/core/loop.js; src/core/perfRuntime.js; src/render/renderer.js; src/render/precompile.js; src/render/assetLoader.js,builds/SFQ-B219.md
SFQ-B220,Verify sustained full-quality play,SFQ-P22,CORE_FINISH_OR_EXISTING_OUTCOME_REVALIDATION,NOT_ADMITTED,SFQ-B001,src/core/registry.js; src/core/loop.js; src/core/perfRuntime.js; src/render/renderer.js; src/render/precompile.js; src/render/assetLoader.js,builds/SFQ-B220.md
SFQ-B221,Prove save-resume through new interactions,SFQ-P23,CORE_FINISH_OR_EXISTING_OUTCOME_REVALIDATION,NOT_ADMITTED,SFQ-B001,src/save/saveSystem.js; src/core/runTransitionGuard.js; src/systems/input.js; src/ui/screens/settings.js; electron/main.cjs; src/main.js,builds/SFQ-B221.md
SFQ-B222,Make old saves recover safely,SFQ-P23,CORE_FINISH_OR_EXISTING_OUTCOME_REVALIDATION,NOT_ADMITTED,SFQ-B001,src/save/saveSystem.js; src/core/runTransitionGuard.js; src/systems/input.js; src/ui/screens/settings.js; electron/main.cjs; src/main.js,builds/SFQ-B222.md
SFQ-B223,Protect overlapping new/load operations,SFQ-P23,CORE_FINISH_OR_EXISTING_OUTCOME_REVALIDATION,NOT_ADMITTED,SFQ-B001,src/save/saveSystem.js; src/core/runTransitionGuard.js; src/systems/input.js; src/ui/screens/settings.js; electron/main.cjs; src/main.js,builds/SFQ-B223.md
SFQ-B224,Finish input rebinding and device changes,SFQ-P23,CORE_FINISH_OR_EXISTING_OUTCOME_REVALIDATION,NOT_ADMITTED,SFQ-B001,src/save/saveSystem.js; src/core/runTransitionGuard.js; src/systems/input.js; src/ui/screens/settings.js; electron/main.cjs; src/main.js,builds/SFQ-B224.md
SFQ-B225,Make settings truthful,SFQ-P23,CORE_FINISH_OR_EXISTING_OUTCOME_REVALIDATION,NOT_ADMITTED,SFQ-B001,src/save/saveSystem.js; src/core/runTransitionGuard.js; src/systems/input.js; src/ui/screens/settings.js; electron/main.cjs; src/main.js,builds/SFQ-B225.md
SFQ-B226,Preserve critical information access,SFQ-P23,CORE_FINISH_OR_EXISTING_OUTCOME_REVALIDATION,NOT_ADMITTED,SFQ-B001,src/save/saveSystem.js; src/core/runTransitionGuard.js; src/systems/input.js; src/ui/screens/settings.js; electron/main.cjs; src/main.js,builds/SFQ-B226.md
SFQ-B227,Prepare localization without scope inflation,SFQ-P23,CORE_FINISH_OR_EXISTING_OUTCOME_REVALIDATION,NOT_ADMITTED,SFQ-B001,src/save/saveSystem.js; src/core/runTransitionGuard.js; src/systems/input.js; src/ui/screens/settings.js; electron/main.cjs; src/main.js,builds/SFQ-B227.md
SFQ-B228,Make errors leave an exit,SFQ-P23,CORE_FINISH_OR_EXISTING_OUTCOME_REVALIDATION,NOT_ADMITTED,SFQ-B001,src/save/saveSystem.js; src/core/runTransitionGuard.js; src/systems/input.js; src/ui/screens/settings.js; electron/main.cjs; src/main.js,builds/SFQ-B228.md
SFQ-B229,Audit packaged parity and media provenance,SFQ-P23,CORE_FINISH_OR_EXISTING_OUTCOME_REVALIDATION,NOT_ADMITTED,SFQ-B001,src/save/saveSystem.js; src/core/runTransitionGuard.js; src/systems/input.js; src/ui/screens/settings.js; electron/main.cjs; src/main.js,builds/SFQ-B229.md
SFQ-B230,Close whole-session reliability,SFQ-P23,CORE_FINISH_OR_EXISTING_OUTCOME_REVALIDATION,NOT_ADMITTED,SFQ-B001,src/save/saveSystem.js; src/core/runTransitionGuard.js; src/systems/input.js; src/ui/screens/settings.js; electron/main.cjs; src/main.js,builds/SFQ-B230.md
SFQ-B231,Freeze the finish scope around complete loops,SFQ-P24,CORE_FINISH_OR_EXISTING_OUTCOME_REVALIDATION,NOT_ADMITTED,SFQ-B001,build_map.md; design/program/03_LIVE_ACCEPTANCE_MATRIX.md; design/program/roadmap/program-queue.json; design/program/DEMO_READINESS_2026-09-20.md; package.json,builds/SFQ-B231.md
SFQ-B232,Converge the worst player-facing bottleneck,SFQ-P24,CORE_FINISH_OR_EXISTING_OUTCOME_REVALIDATION,NOT_ADMITTED,SFQ-B001; SFQ-B231,build_map.md; design/program/03_LIVE_ACCEPTANCE_MATRIX.md; design/program/roadmap/program-queue.json; design/program/DEMO_READINESS_2026-09-20.md; package.json,builds/SFQ-B232.md
SFQ-B233,Run a full new-player route,SFQ-P24,CORE_FINISH_OR_EXISTING_OUTCOME_REVALIDATION,NOT_ADMITTED,SFQ-B001; SFQ-B060; SFQ-B065,build_map.md; design/program/03_LIVE_ACCEPTANCE_MATRIX.md; design/program/roadmap/program-queue.json; design/program/DEMO_READINESS_2026-09-20.md; package.json,builds/SFQ-B233.md
SFQ-B234,Run the physical possibility audit,SFQ-P24,CORE_FINISH_OR_EXISTING_OUTCOME_REVALIDATION,NOT_ADMITTED,SFQ-B001,build_map.md; design/program/03_LIVE_ACCEPTANCE_MATRIX.md; design/program/roadmap/program-queue.json; design/program/DEMO_READINESS_2026-09-20.md; package.json,builds/SFQ-B234.md
SFQ-B235,Converge the weakest art and sound,SFQ-P24,CORE_FINISH_OR_EXISTING_OUTCOME_REVALIDATION,NOT_ADMITTED,SFQ-B001,build_map.md; design/program/03_LIVE_ACCEPTANCE_MATRIX.md; design/program/roadmap/program-queue.json; design/program/DEMO_READINESS_2026-09-20.md; package.json,builds/SFQ-B235.md
SFQ-B236,Burn down confirmed severe defects,SFQ-P24,CORE_FINISH_OR_EXISTING_OUTCOME_REVALIDATION,NOT_ADMITTED,SFQ-B001; SFQ-B231,build_map.md; design/program/03_LIVE_ACCEPTANCE_MATRIX.md; design/program/roadmap/program-queue.json; design/program/DEMO_READINESS_2026-09-20.md; package.json,builds/SFQ-B236.md
SFQ-B237,Review depth without content inflation,SFQ-P24,CORE_FINISH_OR_EXISTING_OUTCOME_REVALIDATION,NOT_ADMITTED,SFQ-B001,build_map.md; design/program/03_LIVE_ACCEPTANCE_MATRIX.md; design/program/roadmap/program-queue.json; design/program/DEMO_READINESS_2026-09-20.md; package.json,builds/SFQ-B237.md
SFQ-B238,Validate long-session and cross-shell parity,SFQ-P24,CORE_FINISH_OR_EXISTING_OUTCOME_REVALIDATION,NOT_ADMITTED,SFQ-B001; SFQ-B220; SFQ-B230,build_map.md; design/program/03_LIVE_ACCEPTANCE_MATRIX.md; design/program/roadmap/program-queue.json; design/program/DEMO_READINESS_2026-09-20.md; package.json,builds/SFQ-B238.md
SFQ-B239,Prepare release only when activated,SFQ-P24,PARKED_UNTIL_RELEASE_PREPARATION_ACTIVATED,NOT_ADMITTED,SFQ-B001; SFQ-B238,build_map.md; design/program/03_LIVE_ACCEPTANCE_MATRIX.md; design/program/roadmap/program-queue.json; design/program/DEMO_READINESS_2026-09-20.md; package.json,builds/SFQ-B239.md
SFQ-B240,Close with an honest product verdict,SFQ-P24,CORE_FINISH_OR_EXISTING_OUTCOME_REVALIDATION,NOT_ADMITTED,SFQ-B001; SFQ-B231; SFQ-B233; SFQ-B236; SFQ-B238,build_map.md; design/program/03_LIVE_ACCEPTANCE_MATRIX.md; design/program/roadmap/program-queue.json; design/program/DEMO_READINESS_2026-09-20.md; package.json,builds/SFQ-B240.md
